{
 "judge_model": "deepseek/deepseek-chat",
 "faithfulness": {
  "discourse_graph": [
   1.0,
   0.8125,
   0.875,
   0.625,
   0.9375,
   0.875,
   1.0,
   1.0,
   1.0,
   1.0
  ],
  "graphrag_baseline": [
   0.875,
   0.875,
   0.9375,
   0.8125,
   0.9375,
   0.6875,
   0.9375,
   0.625,
   0.875,
   0.875
  ],
  "long_context": [
   0.5,
   1.0,
   0.625,
   1.0,
   0.9375,
   0.625,
   1.0,
   0.6875,
   1.0,
   0.1875
  ]
 },
 "composite": {
  "discourse_graph": 0.4310559227321325,
  "graphrag_baseline": 0.39929867445478456,
  "long_context": 0.3859540553893652
 }
}